{
    "DY2L": 6221.3,
    "ttbarDL": 96.9,
    "ttbarSL": 404.0,
    "WJets": 63199.9,
    "WW2L2Nu": 8.1498,
    "WZ2L2Q": 2.4435,
    "ZZ2L2Q": 1.5698,
    "ZZ2L2Nu": 1.0451,
    "WW": 173.4,
    "WZ": 54.3,
    "ZZ": 16.7,
    "WWW": 0.2328,
    "WWZ": 0.1851,
    "WZZ": 0.06206,
    "ZZZ": 0.01591,
    "QCD_15_20_mu": 2960000.0,
    "QCD_20_30_mu": 2679000.0,
    "QCD_30_50_mu": 1465000.0,
    "QCD_50_80_mu": 409500.0,
    "QCD_80_120_mu": 96200.0,
    "QCD_120_170_mu": 22980.0,
    "QCD_170_300_mu": 7763.0,
    "QCD_300_470_mu": 699.1,
    "QCD_470_600_mu": 68.24,
    "QCD_600_800_mu": 21.37,
    "QCD_800_1000_mu": 3.913,
    "QCD_1000_mu":     1.323,
    "TTHH_DL_incl": 0.000044,
    "TTHH_DL_2B2V": 0.000012,
    "TTHH_DL_2B2Tau": 0.0000027,
    "TTHH_SL_2B2V": 0.0000618,
    "TTHH_SL_2B2Tau": 0.0000162,
    
    "TTHBB": 0.3320,
    "TTHZZ": 0.01493,
    "TTTT": 0.009652,
    "TTWH": 0.001252,
    "TTZH": 0.001288,
    "TTWW": 0.008203,
    "TTWZ": 0.002715,
    "TTZZ": 0.001579,

    "TbarB": 1.43,
    "TBbar": 2.278,
    "TWm2L": 35.99,
    "TbarWp2L": 36.05,
    "TWm1L": 35.99,
    "TbarWp1L": 36.05,

    "TTZ_low": 0.04423,
    "TTZ_high": 0.09684,
    "TTW": 0.25,
    "TTHnonBB": 1.013,
    "THQ":0.7445,
    "THW":0.1331,
    "GGZZ_2mu2e":0.006115,
    "GGZZ_4mu":0.003,
    "GGZZ_4e":0.003,
    "GGZZ_2mu2tau":0.006115,
    "GGZZ_2e2tau":0.006115,
    "GGZZ_2mu2nu":0.0363,
    "GGZZ_2e2nu":0.0363,
    "DYG": 126.5,
    "WG": 662.2,
    "ZZ4l": 1.39,
    "WZ3l":5.31,
    "TZQB": 0.08
}