{
    "DY2L": 6221.3,
    "ttbarDL": 96.9,
    "ttbarSL": 404.0,
    "WJets": 63199.9,
    "WW2L2Nu": 8.1498,
    "WZ2L2Q": 2.4435,
    "ZZ2L2Q": 1.5698,
    "ZZ2L2Nu": 10.4509,
    "WW": 173.4,
    "WZ": 54.3,
    "ZZ": 16.7,
    "WWW": 0.2328,
    "WWZ": 0.1851,
    "WZZ": 0.06206,
    "ZZZ": 0.01591,
    "QCD_30_50_mu": 1465000.0,
    "QCD_50_80_mu": 409500.0,
    "QCD_80_120_mu": 96200.0,
    "QCD_120_170_mu": 22980.0,
    "QCD_170_300_mu": 7763.0,
    "TTHH_DL_incl": 0.044,
    "TTHH_DL_2B2V": 0.012,
    "TTHH_DL_2B2Tau": 0.0027,
    "TTHH_SL_2B2V": 0.0719
}