{
    "DY2L": 6346,
    "DY2Mu": 2115.33,
    "DY2Tau": 2115.33,
    "WJets": 63199.9,

    "WJet_1J": 9141,
    "WJet_2J": 2931,
    "WJet_3J": 864.6,
    "WJet_4J": 417.8,

    "ttbarDL": 96.9,
    "ttbarSL": 404.0,
    "ttbar4Q": 419.7,

    "TTBB_DL": 5.0, 
    "TTBB_SL": 21.2, 
    "TTBB_4Q": 22.0,

    "WW2L2Nu": 12.98,
    "WZ2L2Q": 8.17,
    "ZZ2L2Q": 8.08,
    "ZZ2L2Nu": 1.19,
    "WZ3l": 5.31,
    "ZZ4l": 1.39,

    "WW": 173.4,
    "WZ": 54.3,
    "ZZ": 16.7,

    "WWW": 0.232,
    "WWZ": 0.19,
    "WZZ": 0.06,
    "ZZZ": 0.02,
    "QCD_15_20_mu": 2960000.0,
    "QCD_20_30_mu": 2679000.0,
    "QCD_30_50_mu": 1465000.0,
    "QCD_50_80_mu": 409500.0,
    "QCD_80_120_mu": 96200.0,
    "QCD_120_170_mu": 22980.0,
    "QCD_170_300_mu": 7763.0,
    "QCD_300_470_mu": 699.1,
    "QCD_470_600_mu": 68.24,
    "QCD_600_800_mu": 21.37,
    "QCD_800_1000_mu": 3.913,
    "QCD_1000_mu":     1.323,
    "TTHH_DL_incl": 0.000044,
    "TTHH_DL_2B2V": 0.000012,
    "TTHH_DL_2B2Tau": 0.0000027,
    "TTHH_SL_2B2V": 0.0000618,
    "TTHH_SL_2B2Tau": 0.0000162,

    "TTHH_DL_2B2W": 0.00002247727,
    "TTHH_SL_2B2W": 0.00009376234,
    
    "TTHH_DL_2B2W_batch1": 0.00002247727,
    "TTHH_DL_2B2W_batch2": 0.00002247727,
    "TTHH_SL_2B2W_batch1": 0.00009376234,
    "TTHH_SL_2B2W_batch2": 0.00009376234,

    "TTHBB": 0.3320,
    "TTHZZ": 0.01493,
    "TTTT": 0.01582,
    "TTWH": 0.001252,
    "TTZH": 0.001288,
    "TTWW": 0.008203,
    "TTWZ": 0.002715,
    "TTZZ": 0.001579,

    "TbarB": 1.43,
    "TBbar": 2.278,
    "TbarBQ": 23.34,
    "TBbarQ": 38.6,
    "TWm2L": 4.6511,
    "TbarWp2L": 4.6511,
    "TWm1L": 19.4,
    "TbarWp1L": 19.4,

    "TTZ_low": 0.04423,
    "TTZ_high": 0.09684,
    "TTW": 0.25,
    "TTHnonBB": 0.2411,
    "THQ":0.7445,
    "THW":0.1331,
    "GGZZ_2mu2e":0.006115,
    "GGZZ_4mu":0.003,
    "GGZZ_4e":0.003,
    "GGZZ_2mu2tau":0.006115,
    "GGZZ_2e2tau":0.006115,
    "GGZZ_2mu2nu":0.0363,
    "GGZZ_2e2nu":0.0363,
    "DYG": 126.5,
    "WG": 662.2,
    "TZQB": 0.08,

    "DY2L_low": 19982.5,
    "DY2Mu_low": 6660.83,
    "DY2Tau_low": 6660.83,

    "ggHWW2L": 1.185,
    "VBFHBB": 2.375,
    "VBFHWW2L": 0.09256,

    "TbarB_t": 87.2,
    "TbarB_s": 1.478,
    "TBbar_t": 145.0,
    "TBbar_s": 2.361,
    "WWLNu2Q": 55.22,
    "WZLNu2Q": 11.24
}
